dataset,actual,predicted,residual,train_RSE,test_RSE,train_R2,test_R2,train_MSE,test_MES,equation,x1,x2,x3
,,,,,,,,,,,,,
1DL,0.5781,0.5877652362514036,-0.009665236251403697,0.051492556839344394,0.05904083518401951,0.9098549210099893,0.8448972952570272,0.0025851963246067856,0.0031372381973039003,y = 0.1911 + (0.5603)b1,0.708,,
1DL,0.4171,0.46281535599249723,-0.04571535599249721,0.051492556839344394,0.05904083518401951,0.9098549210099893,0.8448972952570272,0.0025851963246067856,0.0031372381973039003,y = 0.1911 + (0.5603)b1,0.485,,
1DL,0.2578,0.2907991531248548,-0.03299915312485485,0.051492556839344394,0.05904083518401951,0.9098549210099893,0.8448972952570272,0.0025851963246067856,0.0031372381973039003,y = 0.1911 + (0.5603)b1,0.178,,
1DL,0.3043,0.32834014853896576,-0.024040148538965744,0.051492556839344394,0.05904083518401951,0.9098549210099893,0.8448972952570272,0.0025851963246067856,0.0031372381973039003,y = 0.1911 + (0.5603)b1,0.245,,
1DL,0.6547,0.6645281671727945,-0.009828167172794555,0.051492556839344394,0.05904083518401951,0.9098549210099893,0.8448972952570272,0.0025851963246067856,0.0031372381973039003,y = 0.1911 + (0.5603)b1,0.845,,
1DL,0.4229,0.37372553105453266,0.04917446894546734,0.051492556839344394,0.05904083518401951,0.9098549210099893,0.8448972952570272,0.0025851963246067856,0.0031372381973039003,y = 0.1911 + (0.5603)b1,0.326,,
1DL,0.4215,0.3658811439530766,0.055618856046923404,0.051492556839344394,0.05904083518401951,0.9098549210099893,0.8448972952570272,0.0025851963246067856,0.0031372381973039003,y = 0.1911 + (0.5603)b1,0.312,,
1DL,0.6499,0.6236252915723454,0.02627470842765467,0.051492556839344394,0.05904083518401951,0.9098549210099893,0.8448972952570272,0.0025851963246067856,0.0031372381973039003,y = 0.1911 + (0.5603)b1,0.772,,
1DL,0.3999,0.36476051722429714,0.035139482775702835,0.051492556839344394,0.05904083518401951,0.9098549210099893,0.8448972952570272,0.0025851963246067856,0.0031372381973039003,y = 0.1911 + (0.5603)b1,0.31,,
1DL,0.4114,0.4745819366446813,-0.0631819366446813,0.051492556839344394,0.05904083518401951,0.9098549210099893,0.8448972952570272,0.0025851963246067856,0.0031372381973039003,y = 0.1911 + (0.5603)b1,0.506,,
1DL,0.289,0.27006755864243537,0.01893244135756461,0.051492556839344394,0.05904083518401951,0.9098549210099893,0.8448972952570272,0.0025851963246067856,0.0031372381973039003,y = 0.1911 + (0.5603)b1,0.141,,
1DL,0.3555,0.3978190057232903,-0.04231900572329034,0.051492556839344394,0.05904083518401951,0.9098549210099893,0.8448972952570272,0.0025851963246067856,0.0031372381973039003,y = 0.1911 + (0.5603)b1,0.369,,
1DL,0.2069,0.2095537152883462,-0.002653715288346209,0.051492556839344394,0.05904083518401951,0.9098549210099893,0.8448972952570272,0.0025851963246067856,0.0031372381973039003,y = 0.1911 + (0.5603)b1,0.033,,
1DL,0.6353,0.7183182501542071,-0.08301825015420716,0.051492556839344394,0.05904083518401951,0.9098549210099893,0.8448972952570272,0.0025851963246067856,0.0031372381973039003,y = 0.1911 + (0.5603)b1,0.941,,
1DL,0.4871,0.4213521670276583,0.06574783297234166,0.051492556839344394,0.05904083518401951,0.9098549210099893,0.8448972952570272,0.0025851963246067856,0.0031372381973039003,y = 0.1911 + (0.5603)b1,0.411,,
1DL,0.4949,0.4067840195535258,0.08811598044647423,0.051492556839344394,0.05904083518401951,0.9098549210099893,0.8448972952570272,0.0025851963246067856,0.0031372381973039003,y = 0.1911 + (0.5603)b1,0.385,,
1DL,0.347,0.23028530977076567,0.11671469022923431,0.051492556839344394,0.05904083518401951,0.9098549210099893,0.8448972952570272,0.0025851963246067856,0.0031372381973039003,y = 0.1911 + (0.5603)b1,0.07,,
1DL,0.1731,0.21067434201712565,-0.037574342017125645,0.051492556839344394,0.05904083518401951,0.9098549210099893,0.8448972952570272,0.0025851963246067856,0.0031372381973039003,y = 0.1911 + (0.5603)b1,0.035,,
1DL,0.5725,0.5793605357855579,-0.0068605357855578974,0.051492556839344394,0.05904083518401951,0.9098549210099893,0.8448972952570272,0.0025851963246067856,0.0031372381973039003,y = 0.1911 + (0.5603)b1,0.693,,
1DL,0.5673,0.4616947292637178,0.10560527073628223,0.051492556839344394,0.05904083518401951,0.9098549210099893,0.8448972952570272,0.0025851963246067856,0.0031372381973039003,y = 0.1911 + (0.5603)b1,0.483,,
,,,,,,,,,,,,,
1DM,0.8293,0.6340706692450269,0.19522933075497317,0.1115046671009873,0.1355932686301666,0.4625826010245947,0.11610318361981453,0.01212245851566945,0.016546981048031272,y = 0.3832 + (0.3543)b1,0.708,,
1DM,0.5353,0.5550559218844088,-0.019755921884408778,0.1115046671009873,0.1355932686301666,0.4625826010245947,0.11610318361981453,0.01212245851566945,0.016546981048031272,y = 0.3832 + (0.3543)b1,0.485,,
1DM,0.5305,0.44627777193055346,0.08422222806944651,0.1115046671009873,0.1355932686301666,0.4625826010245947,0.11610318361981453,0.01212245851566945,0.016546981048031272,y = 0.3832 + (0.3543)b1,0.178,,
1DM,0.5016,0.4700176287608737,0.03158237123912633,0.1115046671009873,0.1355932686301666,0.4625826010245947,0.11610318361981453,0.01212245851566945,0.016546981048031272,y = 0.3832 + (0.3543)b1,0.245,,
1DM,0.612,0.6826133615697114,-0.07061336156971143,0.1115046671009873,0.1355932686301666,0.4625826010245947,0.11610318361981453,0.01212245851566945,0.016546981048031272,y = 0.3832 + (0.3543)b1,0.845,,
1DM,0.3745,0.4987180526900668,-0.1242180526900668,0.1115046671009873,0.1355932686301666,0.4625826010245947,0.11610318361981453,0.01212245851566945,0.016546981048031272,y = 0.3832 + (0.3543)b1,0.326,,
1DM,0.6536,0.4937574855911939,0.15984251440880604,0.1115046671009873,0.1355932686301666,0.4625826010245947,0.11610318361981453,0.01212245851566945,0.016546981048031272,y = 0.3832 + (0.3543)b1,0.312,,
1DM,0.4163,0.6567475474113029,-0.24044754741130292,0.1115046671009873,0.1355932686301666,0.4625826010245947,0.11610318361981453,0.01212245851566945,0.016546981048031272,y = 0.3832 + (0.3543)b1,0.772,,
1DM,0.775,0.4930488331484978,0.28195116685150223,0.1115046671009873,0.1355932686301666,0.4625826010245947,0.11610318361981453,0.01212245851566945,0.016546981048031272,y = 0.3832 + (0.3543)b1,0.31,,
1DM,0.4076,0.5624967725327181,-0.1548967725327181,0.1115046671009873,0.1355932686301666,0.4625826010245947,0.11610318361981453,0.01212245851566945,0.016546981048031272,y = 0.3832 + (0.3543)b1,0.506,,
1DM,0.5196,0.43316770174067515,0.0864322982593248,0.1115046671009873,0.1355932686301666,0.4625826010245947,0.11610318361981453,0.01212245851566945,0.016546981048031272,y = 0.3832 + (0.3543)b1,0.141,,
1DM,0.518,0.5139540802080336,0.004045919791966446,0.1115046671009873,0.1355932686301666,0.4625826010245947,0.11610318361981453,0.01212245851566945,0.016546981048031272,y = 0.3832 + (0.3543)b1,0.369,,
1DM,0.3695,0.39490046983508437,-0.02540046983508437,0.1115046671009873,0.1355932686301666,0.4625826010245947,0.11610318361981453,0.01212245851566945,0.016546981048031272,y = 0.3832 + (0.3543)b1,0.033,,
1DM,0.7717,0.7166286788191255,0.055071321180874544,0.1115046671009873,0.1355932686301666,0.4625826010245947,0.11610318361981453,0.01212245851566945,0.016546981048031272,y = 0.3832 + (0.3543)b1,0.941,,
1DM,0.6261,0.5288357815046522,0.09726421849534783,0.1115046671009873,0.1355932686301666,0.4625826010245947,0.11610318361981453,0.01212245851566945,0.016546981048031272,y = 0.3832 + (0.3543)b1,0.411,,
1DM,0.5686,0.5196232997496025,0.048976700250397465,0.1115046671009873,0.1355932686301666,0.4625826010245947,0.11610318361981453,0.01212245851566945,0.016546981048031272,y = 0.3832 + (0.3543)b1,0.385,,
1DM,0.4984,0.4080105400249627,0.09038945997503733,0.1115046671009873,0.1355932686301666,0.4625826010245947,0.11610318361981453,0.01212245851566945,0.016546981048031272,y = 0.3832 + (0.3543)b1,0.07,,
1DM,0.4202,0.3956091222777805,0.024590877722219517,0.1115046671009873,0.1355932686301666,0.4625826010245947,0.11610318361981453,0.01212245851566945,0.016546981048031272,y = 0.3832 + (0.3543)b1,0.035,,
1DM,0.6437,0.6287557759248059,0.014944224075194135,0.1115046671009873,0.1355932686301666,0.4625826010245947,0.11610318361981453,0.01212245851566945,0.016546981048031272,y = 0.3832 + (0.3543)b1,0.693,,
1DM,0.7666,0.5543472694417126,0.2122527305582873,0.1115046671009873,0.1355932686301666,0.4625826010245947,0.11610318361981453,0.01212245851566945,0.016546981048031272,y = 0.3832 + (0.3543)b1,0.483,,
,,,,,,,,,,,,,
1DH,0.5362,0.5399290097483749,-0.0037290097483748674,0.13661703928251848,0.14762985634156703,0.3418716159331979,0.010483779270371918,0.01819761003676317,0.019615117035088548,y = 0.3012 + (0.3373)b1,0.708,,
1DH,0.4325,0.464722158575169,-0.032222158575169024,0.13661703928251848,0.14762985634156703,0.3418716159331979,0.010483779270371918,0.01819761003676317,0.019615117035088548,y = 0.3012 + (0.3373)b1,0.485,,
1DH,0.1664,0.3611862692918766,-0.1947862692918766,0.13661703928251848,0.14762985634156703,0.3418716159331979,0.010483779270371918,0.01819761003676317,0.019615117035088548,y = 0.3012 + (0.3373)b1,0.178,,
1DH,0.289,0.3837820496892075,-0.0947820496892075,0.13661703928251848,0.14762985634156703,0.3418716159331979,0.010483779270371918,0.01819761003676317,0.019615117035088548,y = 0.3012 + (0.3373)b1,0.245,,
1DH,0.4445,0.5861323219041112,-0.14163232190411124,0.13661703928251848,0.14762985634156703,0.3418716159331979,0.010483779270371918,0.01819761003676317,0.019615117035088548,y = 0.3012 + (0.3373)b1,0.845,,
1DH,0.327,0.4110993364382195,-0.08409933643821949,0.13661703928251848,0.14762985634156703,0.3418716159331979,0.010483779270371918,0.01819761003676317,0.019615117035088548,y = 0.3012 + (0.3373)b1,0.326,,
1DH,0.5486,0.40637783008653844,0.14222216991346154,0.13661703928251848,0.14762985634156703,0.3418716159331979,0.010483779270371918,0.01819761003676317,0.019615117035088548,y = 0.3012 + (0.3373)b1,0.312,,
1DH,0.5039,0.5615130387846313,-0.05761303878463131,0.13661703928251848,0.14762985634156703,0.3418716159331979,0.010483779270371918,0.01819761003676317,0.019615117035088548,y = 0.3012 + (0.3373)b1,0.772,,
1DH,0.639,0.4057033291791554,0.2332966708208446,0.13661703928251848,0.14762985634156703,0.3418716159331979,0.010483779270371918,0.01819761003676317,0.019615117035088548,y = 0.3012 + (0.3373)b1,0.31,,
1DH,0.4582,0.4718044181026907,-0.013604418102690696,0.13661703928251848,0.14762985634156703,0.3418716159331979,0.010483779270371918,0.01819761003676317,0.019615117035088548,y = 0.3012 + (0.3373)b1,0.506,,
1DH,0.6676,0.3487080025052909,0.3188919974947091,0.13661703928251848,0.14762985634156703,0.3418716159331979,0.010483779270371918,0.01819761003676317,0.019615117035088548,y = 0.3012 + (0.3373)b1,0.141,,
1DH,0.3903,0.4256011059469543,-0.03530110594695429,0.13661703928251848,0.14762985634156703,0.3418716159331979,0.010483779270371918,0.01819761003676317,0.019615117035088548,y = 0.3012 + (0.3373)b1,0.369,,
1DH,0.3542,0.3122849535066082,0.04191504649339184,0.13661703928251848,0.14762985634156703,0.3418716159331979,0.010483779270371918,0.01819761003676317,0.019615117035088548,y = 0.3012 + (0.3373)b1,0.033,,
1DH,0.4216,0.6185083654584959,-0.19690836545849588,0.13661703928251848,0.14762985634156703,0.3418716159331979,0.010483779270371918,0.01819761003676317,0.019615117035088548,y = 0.3012 + (0.3373)b1,0.941,,
1DH,0.483,0.43976562500199756,0.04323437499800242,0.13661703928251848,0.14762985634156703,0.3418716159331979,0.010483779270371918,0.01819761003676317,0.019615117035088548,y = 0.3012 + (0.3373)b1,0.411,,
1DH,0.5728,0.4309971132060184,0.14180288679398156,0.13661703928251848,0.14762985634156703,0.3418716159331979,0.010483779270371918,0.01819761003676317,0.019615117035088548,y = 0.3012 + (0.3373)b1,0.385,,
1DH,0.2865,0.32476322029319393,-0.038263220293193956,0.13661703928251848,0.14762985634156703,0.3418716159331979,0.010483779270371918,0.01819761003676317,0.019615117035088548,y = 0.3012 + (0.3373)b1,0.07,,
1DH,0.09408,0.3129594544139912,-0.2188794544139912,0.13661703928251848,0.14762985634156703,0.3418716159331979,0.010483779270371918,0.01819761003676317,0.019615117035088548,y = 0.3012 + (0.3373)b1,0.035,,
1DH,0.3851,0.5348702529430023,-0.14977025294300228,0.13661703928251848,0.14762985634156703,0.3418716159331979,0.010483779270371918,0.01819761003676317,0.019615117035088548,y = 0.3012 + (0.3373)b1,0.693,,
1DH,0.4218,0.464047657667786,-0.04224765766778599,0.13661703928251848,0.14762985634156703,0.3418716159331979,0.010483779270371918,0.01819761003676317,0.019615117035088548,y = 0.3012 + (0.3373)b1,0.483,,
,,,,,,,,,,,,,
2DL,0.5585,0.5712582944311485,-0.01275829443114851,0.051767819353341786,0.061272504965404616,0.9170449458617658,0.825894936795398,0.0025794106035777194,0.0031911718850252033,y = 0.1950 + (0.5604)b1 + (-0.1753)b2,0.708,0.117,
2DL,0.3417,0.3877453304826719,-0.0460453304826719,0.051767819353341786,0.061272504965404616,0.9170449458617658,0.825894936795398,0.0025794106035777194,0.0031911718850252033,y = 0.1950 + (0.5604)b1 + (-0.1753)b2,0.485,0.451,
2DL,0.1893,0.2228918078180337,-0.0335918078180337,0.051767819353341786,0.061272504965404616,0.9170449458617658,0.825894936795398,0.0025794106035777194,0.0031911718850252033,y = 0.1950 + (0.5604)b1 + (-0.1753)b2,0.178,0.41,
2DL,0.301,0.3287996932198769,-0.02779969321987691,0.051767819353341786,0.061272504965404616,0.9170449458617658,0.825894936795398,0.0025794106035777194,0.0031911718850252033,y = 0.1950 + (0.5604)b1 + (-0.1753)b2,0.245,0.02,
2DL,0.4897,0.49535763143007405,-0.005657631430074028,0.051767819353341786,0.061272504965404616,0.9170449458617658,0.825894936795398,0.0025794106035777194,0.0031911718850252033,y = 0.1950 + (0.5604)b1 + (-0.1753)b2,0.845,0.988,
2DL,0.3863,0.33930945785510036,0.046990542144899616,0.051767819353341786,0.061272504965404616,0.9170449458617658,0.825894936795398,0.0025794106035777194,0.0031911718850252033,y = 0.1950 + (0.5604)b1 + (-0.1753)b2,0.326,0.219,
2DL,0.2954,0.23751054040381395,0.05788945959618605,0.051767819353341786,0.061272504965404616,0.9170449458617658,0.825894936795398,0.0025794106035777194,0.0031911718850252033,y = 0.1950 + (0.5604)b1 + (-0.1753)b2,0.312,0.755,
2DL,0.5287,0.5003740347244626,0.028325965275537324,0.051767819353341786,0.061272504965404616,0.9170449458617658,0.825894936795398,0.0025794106035777194,0.0031911718850252033,y = 0.1950 + (0.5604)b1 + (-0.1753)b2,0.772,0.726,
2DL,0.3052,0.2693435731208762,0.035856426879123826,0.051767819353341786,0.061272504965404616,0.9170449458617658,0.825894936795398,0.0025794106035777194,0.0031911718850252033,y = 0.1950 + (0.5604)b1 + (-0.1753)b2,0.31,0.567,
2DL,0.2873,0.3483299698713125,-0.061029969871312484,0.051767819353341786,0.061272504965404616,0.9170449458617658,0.825894936795398,0.0025794106035777194,0.0031911718850252033,y = 0.1950 + (0.5604)b1 + (-0.1753)b2,0.506,0.743,
2DL,0.2155,0.1968987263562051,0.018601273643794908,0.051767819353341786,0.061272504965404616,0.9170449458617658,0.825894936795398,0.0025794106035777194,0.0031911718850252033,y = 0.1950 + (0.5604)b1 + (-0.1753)b2,0.141,0.44,
2DL,0.3279,0.37287175980763454,-0.044971759807634515,0.051767819353341786,0.061272504965404616,0.9170449458617658,0.825894936795398,0.0025794106035777194,0.0031911718850252033,y = 0.1950 + (0.5604)b1 + (-0.1753)b2,0.369,0.165,
2DL,0.04777,0.046454570771815085,0.0013154292281849153,0.051767819353341786,0.061272504965404616,0.9170449458617658,0.825894936795398,0.0025794106035777194,0.0031911718850252033,y = 0.1950 + (0.5604)b1 + (-0.1753)b2,0.033,0.953,
2DL,0.5474,0.6301374872644717,-0.08273748726447172,0.051767819353341786,0.061272504965404616,0.9170449458617658,0.825894936795398,0.0025794106035777194,0.0031911718850252033,y = 0.1950 + (0.5604)b1 + (-0.1753)b2,0.941,0.526,
2DL,0.4796,0.4174425629452764,0.06215743705472365,0.051767819353341786,0.061272504965404616,0.9170449458617658,0.825894936795398,0.0025794106035777194,0.0031911718850252033,y = 0.1950 + (0.5604)b1 + (-0.1753)b2,0.411,0.045,
2DL,0.4279,0.34047047092474114,0.08742952907525886,0.051767819353341786,0.061272504965404616,0.9170449458617658,0.825894936795398,0.0025794106035777194,0.0031911718850252033,y = 0.1950 + (0.5604)b1 + (-0.1753)b2,0.385,0.401,
2DL,0.253,0.13555070446337367,0.11744929553662634,0.051767819353341786,0.061272504965404616,0.9170449458617658,0.825894936795398,0.0025794106035777194,0.0031911718850252033,y = 0.1950 + (0.5604)b1 + (-0.1753)b2,0.07,0.563,
2DL,0.1617,0.20270369095058693,-0.041003690950586924,0.051767819353341786,0.061272504965404616,0.9170449458617658,0.825894936795398,0.0025794106035777194,0.0031911718850252033,y = 0.1950 + (0.5604)b1 + (-0.1753)b2,0.035,0.068,
2DL,0.4653,0.47082713407431664,-0.005527134074316653,0.051767819353341786,0.061272504965404616,0.9170449458617658,0.825894936795398,0.0025794106035777194,0.0031911718850252033,y = 0.1950 + (0.5604)b1 + (-0.1753)b2,0.693,0.642,
2DL,0.4068,0.29722855637653556,0.10957144362346444,0.051767819353341786,0.061272504965404616,0.9170449458617658,0.825894936795398,0.0025794106035777194,0.0031911718850252033,y = 0.1950 + (0.5604)b1 + (-0.1753)b2,0.483,0.961,
,,,,,,,,,,,,,
2DM,0.7488,0.575341004473261,0.17345899552673905,0.11085107382555891,0.13881863407062942,0.4927659752554553,0.2569433095906304,0.011827162046969032,0.01638002119045002,y = 0.3115 + (0.3549)b1 + (0.1075)b2,0.708,0.117,
2DM,0.5106,0.5320991951735758,-0.02149919517357579,0.11085107382555891,0.13881863407062942,0.4927659752554553,0.2569433095906304,0.011827162046969032,0.01638002119045002,y = 0.3115 + (0.3549)b1 + (0.1075)b2,0.485,0.451,
2DM,0.499,0.418750477954147,0.080249522045853,0.11085107382555891,0.13881863407062942,0.4927659752554553,0.2569433095906304,0.011827162046969032,0.01638002119045002,y = 0.3115 + (0.3549)b1 + (0.1075)b2,0.178,0.41,
2DM,0.405,0.400615851070077,0.004384148929923004,0.11085107382555891,0.13881863407062942,0.4927659752554553,0.2569433095906304,0.011827162046969032,0.01638002119045002,y = 0.3115 + (0.3549)b1 + (0.1075)b2,0.245,0.02,
2DM,0.677,0.7175570587325923,-0.0405570587325923,0.11085107382555891,0.13881863407062942,0.4927659752554553,0.2569433095906304,0.011827162046969032,0.01638002119045002,y = 0.3115 + (0.3549)b1 + (0.1075)b2,0.845,0.988,
2DM,0.311,0.45074475762391886,-0.13974475762391886,0.11085107382555891,0.13881863407062942,0.4927659752554553,0.2569433095906304,0.011827162046969032,0.01638002119045002,y = 0.3115 + (0.3549)b1 + (0.1075)b2,0.326,0.219,
2DM,0.6797,0.5033766275719498,0.17632337242805018,0.11085107382555891,0.13881863407062942,0.4927659752554553,0.2569433095906304,0.011827162046969032,0.01638002119045002,y = 0.3115 + (0.3549)b1 + (0.1075)b2,0.312,0.755,
2DM,0.4376,0.6634969086486071,-0.22589690864860712,0.11085107382555891,0.13881863407062942,0.4927659752554553,0.2569433095906304,0.011827162046969032,0.01638002119045002,y = 0.3115 + (0.3549)b1 + (0.1075)b2,0.772,0.726,
2DM,0.7696,0.48246393761903156,0.2871360623809684,0.11085107382555891,0.13881863407062942,0.4927659752554553,0.2569433095906304,0.011827162046969032,0.01638002119045002,y = 0.3115 + (0.3549)b1 + (0.1075)b2,0.31,0.567,
2DM,0.4317,0.5709303787946346,-0.13923037879463462,0.11085107382555891,0.13881863407062942,0.4927659752554553,0.2569433095906304,0.011827162046969032,0.01638002119045002,y = 0.3115 + (0.3549)b1 + (0.1075)b2,0.506,0.743,
2DM,0.4931,0.4088444472277258,0.0842555527722742,0.11085107382555891,0.13881863407062942,0.4927659752554553,0.2569433095906304,0.011827162046969032,0.01638002119045002,y = 0.3115 + (0.3549)b1 + (0.1075)b2,0.141,0.44,
2DM,0.4456,0.46020086070604205,-0.014600860706042051,0.11085107382555891,0.13881863407062942,0.4927659752554553,0.2569433095906304,0.011827162046969032,0.01638002119045002,y = 0.3115 + (0.3549)b1 + (0.1075)b2,0.369,0.165,
2DM,0.4286,0.42564761386887773,0.0029523861311222532,0.11085107382555891,0.13881863407062942,0.4927659752554553,0.2569433095906304,0.011827162046969032,0.01638002119045002,y = 0.3115 + (0.3549)b1 + (0.1075)b2,0.033,0.953,
2DM,0.7596,0.7019761351223988,0.057623864877601294,0.11085107382555891,0.13881863407062942,0.4927659752554553,0.2569433095906304,0.011827162046969032,0.01638002119045002,y = 0.3115 + (0.3549)b1 + (0.1075)b2,0.941,0.526,
2DM,0.5336,0.46220957107375626,0.0713904289262437,0.11085107382555891,0.13881863407062942,0.4927659752554553,0.2569433095906304,0.011827162046969032,0.01638002119045002,y = 0.3115 + (0.3549)b1 + (0.1075)b2,0.411,0.045,
2DM,0.5356,0.49123982789083215,0.04436017210916782,0.11085107382555891,0.13881863407062942,0.4927659752554553,0.2569433095906304,0.011827162046969032,0.01638002119045002,y = 0.3115 + (0.3549)b1 + (0.1075)b2,0.385,0.401,
2DM,0.4924,0.39686711551179726,0.09553288448820274,0.11085107382555891,0.13881863407062942,0.4927659752554553,0.2569433095906304,0.011827162046969032,0.01638002119045002,y = 0.3115 + (0.3549)b1 + (0.1075)b2,0.07,0.563,
2DM,0.3315,0.3312529546368035,0.0002470453631965297,0.11085107382555891,0.13881863407062942,0.4927659752554553,0.2569433095906304,0.011827162046969032,0.01638002119045002,y = 0.3115 + (0.3549)b1 + (0.1075)b2,0.035,0.068,
2DM,0.6509,0.6264359236501955,0.02446407634980452,0.11085107382555891,0.13881863407062942,0.4927659752554553,0.2569433095906304,0.011827162046969032,0.01638002119045002,y = 0.3115 + (0.3549)b1 + (0.1075)b2,0.693,0.642,
2DM,0.8271,0.5861953866103359,0.24090461338966407,0.11085107382555891,0.13881863407062942,0.4927659752554553,0.2569433095906304,0.011827162046969032,0.01638002119045002,y = 0.3115 + (0.3549)b1 + (0.1075)b2,0.483,0.961,
,,,,,,,,,,,,,
2DH,0.5557,0.5792948792843056,-0.023594879284305592,0.13656075685941685,0.1544947585863837,0.3712982113704526,0.2138677224663278,0.017949508802241138,0.02028833586606523,y = 0.3270 + (0.3377)b1 + (0.1127)b2,0.708,0.117,
2DH,0.5078,0.541612254095815,-0.03381225409581501,0.13656075685941685,0.1544947585863837,0.3712982113704526,0.2138677224663278,0.017949508802241138,0.02028833586606523,y = 0.3270 + (0.3377)b1 + (0.1127)b2,0.485,0.451,
2DH,0.2349,0.43330306891753545,-0.19840306891753545,0.13656075685941685,0.1544947585863837,0.3712982113704526,0.2138677224663278,0.017949508802241138,0.02028833586606523,y = 0.3270 + (0.3377)b1 + (0.1127)b2,0.178,0.41,
2DH,0.2924,0.4119865333938145,-0.11958653339381453,0.13656075685941685,0.1544947585863837,0.3712982113704526,0.2138677224663278,0.017949508802241138,0.02028833586606523,y = 0.3270 + (0.3377)b1 + (0.1127)b2,0.245,0.02,
2DH,0.6095,0.7237122111337467,-0.11421221113374669,0.13656075685941685,0.1544947585863837,0.3712982113704526,0.2138677224663278,0.017949508802241138,0.02028833586606523,y = 0.3270 + (0.3377)b1 + (0.1127)b2,0.845,0.988,
2DH,0.3635,0.4617678998221256,-0.09826789982212564,0.13656075685941685,0.1544947585863837,0.3712982113704526,0.2138677224663278,0.017949508802241138,0.02028833586606523,y = 0.3270 + (0.3377)b1 + (0.1127)b2,0.326,0.219,
2DH,0.6747,0.5174366829564195,0.15726331704358043,0.13656075685941685,0.1544947585863837,0.3712982113704526,0.2138677224663278,0.017949508802241138,0.02028833586606523,y = 0.3270 + (0.3377)b1 + (0.1127)b2,0.312,0.755,
2DH,0.6252,0.6695339101781582,-0.04433391017815824,0.13656075685941685,0.1544947585863837,0.3712982113704526,0.2138677224663278,0.017949508802241138,0.02028833586606523,y = 0.3270 + (0.3377)b1 + (0.1127)b2,0.772,0.726,
2DH,0.7336,0.49557706140038205,0.23802293859961798,0.13656075685941685,0.1544947585863837,0.3712982113704526,0.2138677224663278,0.017949508802241138,0.02028833586606523,y = 0.3270 + (0.3377)b1 + (0.1127)b2,0.31,0.567,
2DH,0.5823,0.5816080010429192,0.0006919989570808305,0.13656075685941685,0.1544947585863837,0.3712982113704526,0.2138677224663278,0.017949508802241138,0.02028833586606523,y = 0.3270 + (0.3377)b1 + (0.1127)b2,0.506,0.743,
2DH,0.7411,0.4241867646044703,0.3169132353955297,0.13656075685941685,0.1544947585863837,0.3712982113704526,0.2138677224663278,0.017949508802241138,0.02028833586606523,y = 0.3270 + (0.3377)b1 + (0.1127)b2,0.141,0.44,
2DH,0.4179,0.4702063480648501,-0.05230634806485013,0.13656075685941685,0.1544947585863837,0.3712982113704526,0.2138677224663278,0.017949508802241138,0.02028833586606523,y = 0.3270 + (0.3377)b1 + (0.1127)b2,0.369,0.165,
2DH,0.5133,0.4455153751968173,0.0677846248031827,0.13656075685941685,0.1544947585863837,0.3712982113704526,0.2138677224663278,0.017949508802241138,0.02028833586606523,y = 0.3270 + (0.3377)b1 + (0.1127)b2,0.033,0.953,
2DH,0.5095,0.7040773571756446,-0.19457735717564462,0.13656075685941685,0.1544947585863837,0.3712982113704526,0.2138677224663278,0.017949508802241138,0.02028833586606523,y = 0.3270 + (0.3377)b1 + (0.1127)b2,0.941,0.526,
2DH,0.4905,0.47087006746948223,0.019629932530517757,0.13656075685941685,0.1544947585863837,0.3712982113704526,0.2138677224663278,0.017949508802241138,0.02028833586606523,y = 0.3270 + (0.3377)b1 + (0.1127)b2,0.411,0.045,
2DH,0.6398,0.5022031812336287,0.1375968187663713,0.13656075685941685,0.1544947585863837,0.3712982113704526,0.2138677224663278,0.017949508802241138,0.02028833586606523,y = 0.3270 + (0.3377)b1 + (0.1127)b2,0.385,0.401,
2DH,0.3805,0.41406634028225814,-0.033566340282258134,0.13656075685941685,0.1544947585863837,0.3712982113704526,0.2138677224663278,0.017949508802241138,0.02028833586606523,y = 0.3270 + (0.3377)b1 + (0.1127)b2,0.07,0.563,
2DH,0.1054,0.34646774955496346,-0.24106774955496346,0.13656075685941685,0.1544947585863837,0.3712982113704526,0.2138677224663278,0.017949508802241138,0.02028833586606523,y = 0.3270 + (0.3377)b1 + (0.1127)b2,0.035,0.068,
2DH,0.4923,0.6333864159625052,-0.1410864159625052,0.13656075685941685,0.1544947585863837,0.3712982113704526,0.2138677224663278,0.017949508802241138,0.02028833586606523,y = 0.3270 + (0.3377)b1 + (0.1127)b2,0.693,0.642,
2DH,0.5823,0.5984043180422269,-0.016104318042226895,0.13656075685941685,0.1544947585863837,0.3712982113704526,0.2138677224663278,0.017949508802241138,0.02028833586606523,y = 0.3270 + (0.3377)b1 + (0.1127)b2,0.483,0.961,
,,,,,,,,,,,,,
3DL,0.7525,0.7590186879101953,-0.0065186879101953865,0.05165171512921678,0.060504338957083924,0.9272667675826393,0.9050439345133056,0.0025345046920002734,0.0029286200261069628,y = 0.2069 + (0.5606)b1 + (-0.1735)b2 + (0.2253)b3,0.708,0.117,0.779
3DL,0.5093,0.5521723862261528,-0.04287238622615286,0.05165171512921678,0.060504338957083924,0.9272667675826393,0.9050439345133056,0.0025345046920002734,0.0029286200261069628,y = 0.2069 + (0.5606)b1 + (-0.1735)b2 + (0.2253)b3,0.485,0.451,0.673
3DL,0.2523,0.2925459365517193,-0.040245936551719264,0.05165171512921678,0.060504338957083924,0.9272667675826393,0.9050439345133056,0.0025345046920002734,0.0029286200261069628,y = 0.2069 + (0.5606)b1 + (-0.1735)b2 + (0.2253)b3,0.178,0.41,0.253
3DL,0.4581,0.4829261701781923,-0.024826170178192275,0.05165171512921678,0.060504338957083924,0.9272667675826393,0.9050439345133056,0.0025345046920002734,0.0029286200261069628,y = 0.2069 + (0.5606)b1 + (-0.1735)b2 + (0.2253)b3,0.245,0.02,0.631
3DL,0.661,0.6642238322523379,-0.0032238322523379104,0.05165171512921678,0.060504338957083924,0.9272667675826393,0.9050439345133056,0.0025345046920002734,0.0029286200261069628,y = 0.2069 + (0.5606)b1 + (-0.1735)b2 + (0.2253)b3,0.845,0.988,0.688
3DL,0.5328,0.4841280632908015,0.04867193670919856,0.05165171512921678,0.060504338957083924,0.9272667675826393,0.9050439345133056,0.0025345046920002734,0.0029286200261069628,y = 0.2069 + (0.5606)b1 + (-0.1735)b2 + (0.2253)b3,0.326,0.219,0.588
3DL,0.5402,0.4722835832743298,0.06791641672567023,0.05165171512921678,0.060504338957083924,0.9272667675826393,0.9050439345133056,0.0025345046920002734,0.0029286200261069628,y = 0.2069 + (0.5606)b1 + (-0.1735)b2 + (0.2253)b3,0.312,0.755,0.983
3DL,0.6833,0.6536543273818444,0.02964567261815565,0.05165171512921678,0.060504338957083924,0.9272667675826393,0.9050439345133056,0.0025345046920002734,0.0029286200261069628,y = 0.2069 + (0.5606)b1 + (-0.1735)b2 + (0.2253)b3,0.772,0.726,0.621
3DL,0.5129,0.4702082393880093,0.0426917606119907,0.05165171512921678,0.060504338957083924,0.9272667675826393,0.9050439345133056,0.0025345046920002734,0.0029286200261069628,y = 0.2069 + (0.5606)b1 + (-0.1735)b2 + (0.2253)b3,0.31,0.567,0.834
3DL,0.5074,0.5608260118174349,-0.05342601181743489,0.05165171512921678,0.060504338957083924,0.9272667675826393,0.9050439345133056,0.0025345046920002734,0.0029286200261069628,y = 0.2069 + (0.5606)b1 + (-0.1735)b2 + (0.2253)b3,0.506,0.743,0.884
3DL,0.2745,0.2629931372297919,0.011506862770208126,0.05165171512921678,0.060504338957083924,0.9272667675826393,0.9050439345133056,0.0025345046920002734,0.0029286200261069628,y = 0.2069 + (0.5606)b1 + (-0.1735)b2 + (0.2253)b3,0.141,0.44,0.237
3DL,0.49,0.5317969097037418,-0.041796909703741836,0.05165171512921678,0.060504338957083924,0.9272667675826393,0.9050439345133056,0.0025345046920002734,0.0029286200261069628,y = 0.2069 + (0.5606)b1 + (-0.1735)b2 + (0.2253)b3,0.369,0.165,0.651
3DL,0.09209,0.10015632739717642,-0.008066327397176415,0.05165171512921678,0.060504338957083924,0.9272667675826393,0.9050439345133056,0.0025345046920002734,0.0029286200261069628,y = 0.2069 + (0.5606)b1 + (-0.1735)b2 + (0.2253)b3,0.033,0.953,0.178
3DL,0.7399,0.8173430149157311,-0.07744301491573113,0.05165171512921678,0.060504338957083924,0.9272667675826393,0.9050439345133056,0.0025345046920002734,0.0029286200261069628,y = 0.2069 + (0.5606)b1 + (-0.1735)b2 + (0.2253)b3,0.941,0.526,0.773
3DL,0.5906,0.5299768491081215,0.06062315089187853,0.05165171512921678,0.060504338957083924,0.9272667675826393,0.9050439345133056,0.0025345046920002734,0.0029286200261069628,y = 0.2069 + (0.5606)b1 + (-0.1735)b2 + (0.2253)b3,0.411,0.045,0.446
3DL,0.5128,0.4299856626541421,0.08281433734585791,0.05165171512921678,0.060504338957083924,0.9272667675826393,0.9050439345133056,0.0025345046920002734,0.0029286200261069628,y = 0.2069 + (0.5606)b1 + (-0.1735)b2 + (0.2253)b3,0.385,0.401,0.341
3DL,0.3078,0.19801957235641354,0.10978042764358648,0.05165171512921678,0.060504338957083924,0.9272667675826393,0.9050439345133056,0.0025345046920002734,0.0029286200261069628,y = 0.2069 + (0.5606)b1 + (-0.1735)b2 + (0.2253)b3,0.07,0.563,0.22
3DL,0.2529,0.29716230159303364,-0.044262301593033626,0.05165171512921678,0.060504338957083924,0.9272667675826393,0.9050439345133056,0.0025345046920002734,0.0029286200261069628,y = 0.2069 + (0.5606)b1 + (-0.1735)b2 + (0.2253)b3,0.035,0.068,0.366
3DL,0.7044,0.7003095967755509,0.004090403224449091,0.05165171512921678,0.060504338957083924,0.9272667675826393,0.9050439345133056,0.0025345046920002734,0.0029286200261069628,y = 0.2069 + (0.5606)b1 + (-0.1735)b2 + (0.2253)b3,0.693,0.642,0.96
3DL,0.4192,0.32221995735453324,0.09698004264546678,0.05165171512921678,0.060504338957083924,0.9272667675826393,0.9050439345133056,0.0025345046920002734,0.0029286200261069628,y = 0.2069 + (0.5606)b1 + (-0.1735)b2 + (0.2253)b3,0.483,0.961,0.05
,,,,,,,,,,,,,
3DM,0.6548,0.4774065741795163,0.17739342582048373,0.11148637193955761,0.14270890197218414,0.5847024046401565,0.25623484576838973,0.011807750571833111,0.016292664561685172,y = 0.4191 + (0.3550)b1 + (0.1086)b2 + (-0.2641)b3,0.708,0.117,0.779
3DM,0.4431,0.46251921420482356,-0.019419214204823565,0.11148637193955761,0.14270890197218414,0.5847024046401565,0.25623484576838973,0.011807750571833111,0.016292664561685172,y = 0.4191 + (0.3550)b1 + (0.1086)b2 + (-0.2641)b3,0.485,0.451,0.673
3DM,0.536,0.46001078847417654,0.0759892115258235,0.11148637193955761,0.14270890197218414,0.5847024046401565,0.25623484576838973,0.011807750571833111,0.016292664561685172,y = 0.4191 + (0.3550)b1 + (0.1086)b2 + (-0.2641)b3,0.178,0.41,0.253
3DM,0.3478,0.34158787166599613,0.0062121283340038636,0.11148637193955761,0.14270890197218414,0.5847024046401565,0.25623484576838973,0.011807750571833111,0.016292664561685172,y = 0.4191 + (0.3550)b1 + (0.1086)b2 + (-0.2641)b3,0.245,0.02,0.631
3DM,0.6057,0.6446993017607057,-0.03899930176070565,0.11148637193955761,0.14270890197218414,0.5847024046401565,0.25623484576838973,0.011807750571833111,0.016292664561685172,y = 0.4191 + (0.3550)b1 + (0.1086)b2 + (-0.2641)b3,0.845,0.988,0.688
3DM,0.2646,0.40331993268602456,-0.13871993268602456,0.11148637193955761,0.14270890197218414,0.5847024046401565,0.25623484576838973,0.011807750571833111,0.016292664561685172,y = 0.4191 + (0.3550)b1 + (0.1086)b2 + (-0.2641)b3,0.326,0.219,0.588
3DM,0.535,0.35224444647940834,0.1827555535205917,0.11148637193955761,0.14270890197218414,0.5847024046401565,0.25623484576838973,0.011807750571833111,0.016292664561685172,y = 0.4191 + (0.3550)b1 + (0.1086)b2 + (-0.2641)b3,0.312,0.755,0.983
3DM,0.383,0.6080181222279588,-0.2250181222279588,0.11148637193955761,0.14270890197218414,0.5847024046401565,0.25623484576838973,0.011807750571833111,0.016292664561685172,y = 0.4191 + (0.3550)b1 + (0.1086)b2 + (-0.2641)b3,0.772,0.726,0.621
3DM,0.662,0.37046722315813646,0.2915327768418636,0.11148637193955761,0.14270890197218414,0.5847024046401565,0.25623484576838973,0.011807750571833111,0.016292664561685172,y = 0.4191 + (0.3550)b1 + (0.1086)b2 + (-0.2641)b3,0.31,0.567,0.834
3DM,0.3115,0.4459633496090406,-0.1344633496090406,0.11148637193955761,0.14270890197218414,0.5847024046401565,0.25623484576838973,0.011807750571833111,0.016292664561685172,y = 0.4191 + (0.3550)b1 + (0.1086)b2 + (-0.2641)b3,0.506,0.743,0.884
3DM,0.5341,0.45436026488781245,0.07973973511218757,0.11148637193955761,0.14270890197218414,0.5847024046401565,0.25623484576838973,0.011807750571833111,0.016292664561685172,y = 0.4191 + (0.3550)b1 + (0.1086)b2 + (-0.2641)b3,0.141,0.44,0.237
3DM,0.3835,0.3960791237803193,-0.012579123780319279,0.11148637193955761,0.14270890197218414,0.5847024046401565,0.25623484576838973,0.011807750571833111,0.016292664561685172,y = 0.4191 + (0.3550)b1 + (0.1086)b2 + (-0.2641)b3,0.369,0.165,0.651
3DM,0.4843,0.4873309333179209,-0.0030309333179208697,0.11148637193955761,0.14270890197218414,0.5847024046401565,0.25623484576838973,0.011807750571833111,0.016292664561685172,y = 0.4191 + (0.3550)b1 + (0.1086)b2 + (-0.2641)b3,0.033,0.953,0.178
3DM,0.6671,0.6061412504881476,0.06095874951185243,0.11148637193955761,0.14270890197218414,0.5847024046401565,0.25623484576838973,0.011807750571833111,0.016292664561685172,y = 0.4191 + (0.3550)b1 + (0.1086)b2 + (-0.2641)b3,0.941,0.526,0.773
3DM,0.5226,0.4521011388894217,0.07049886111057824,0.11148637193955761,0.14270890197218414,0.5847024046401565,0.25623484576838973,0.011807750571833111,0.016292664561685172,y = 0.4191 + (0.3550)b1 + (0.1086)b2 + (-0.2641)b3,0.411,0.045,0.446
3DM,0.5507,0.509277964229216,0.04142203577078396,0.11148637193955761,0.14270890197218414,0.5847024046401565,0.25623484576838973,0.011807750571833111,0.016292664561685172,y = 0.4191 + (0.3550)b1 + (0.1086)b2 + (-0.2641)b3,0.385,0.401,0.341
3DM,0.5376,0.4470061501210181,0.09059384987898189,0.11148637193955761,0.14270890197218414,0.5847024046401565,0.25623484576838973,0.011807750571833111,0.016292664561685172,y = 0.4191 + (0.3550)b1 + (0.1086)b2 + (-0.2641)b3,0.07,0.563,0.22
3DM,0.3404,0.3422438493808576,-0.0018438493808576317,0.11148637193955761,0.14270890197218414,0.5847024046401565,0.25623484576838973,0.011807750571833111,0.016292664561685172,y = 0.4191 + (0.3550)b1 + (0.1086)b2 + (-0.2641)b3,0.035,0.068,0.366
3DM,0.5118,0.48130554669656156,0.030494453303438473,0.11148637193955761,0.14270890197218414,0.5847024046401565,0.25623484576838973,0.011807750571833111,0.016292664561685172,y = 0.4191 + (0.3550)b1 + (0.1086)b2 + (-0.2641)b3,0.693,0.642,0.96
3DM,0.9147,0.6817667590240467,0.23293324097595325,0.11148637193955761,0.14270890197218414,0.5847024046401565,0.25623484576838973,0.011807750571833111,0.016292664561685172,y = 0.4191 + (0.3550)b1 + (0.1086)b2 + (-0.2641)b3,0.483,0.961,0.05
,,,,,,,,,,,,,
3DH,0.7419,0.7647908811133151,-0.022890881113315054,0.1374568065427784,0.15921464605595398,0.46515426274697425,0.4239732379765794,0.017949654981691866,0.02027944281497816,y = 0.3283 + (0.3378)b1 + (0.1129)b2 + (0.2363)b3,0.708,0.117,0.779
3DH,0.6687,0.7021139875853382,-0.0334139875853382,0.1374568065427784,0.15921464605595398,0.46515426274697425,0.4239732379765794,0.017949654981691866,0.02027944281497816,y = 0.3283 + (0.3378)b1 + (0.1129)b2 + (0.2363)b3,0.485,0.451,0.673
3DH,0.2953,0.49452237108068153,-0.19922237108068153,0.1374568065427784,0.15921464605595398,0.46515426274697425,0.4239732379765794,0.017949654981691866,0.02027944281497816,y = 0.3283 + (0.3378)b1 + (0.1129)b2 + (0.2363)b3,0.178,0.41,0.253
3DH,0.4432,0.5624714916444904,-0.11927149164449041,0.1374568065427784,0.15921464605595398,0.46515426274697425,0.4239732379765794,0.017949654981691866,0.02027944281497816,y = 0.3283 + (0.3378)b1 + (0.1129)b2 + (0.2363)b3,0.245,0.02,0.631
3DH,0.774,0.8878731965357041,-0.11387319653570405,0.1374568065427784,0.15921464605595398,0.46515426274697425,0.4239732379765794,0.017949654981691866,0.02027944281497816,y = 0.3283 + (0.3378)b1 + (0.1129)b2 + (0.2363)b3,0.845,0.988,0.688
3DH,0.5041,0.6021307219658076,-0.09803072196580764,0.1374568065427784,0.15921464605595398,0.46515426274697425,0.4239732379765794,0.017949654981691866,0.02027944281497816,y = 0.3283 + (0.3378)b1 + (0.1129)b2 + (0.2363)b3,0.326,0.219,0.588
3DH,0.9097,0.7512603252396737,0.15843967476032628,0.1374568065427784,0.15921464605595398,0.46515426274697425,0.4239732379765794,0.017949654981691866,0.02027944281497816,y = 0.3283 + (0.3378)b1 + (0.1129)b2 + (0.2363)b3,0.312,0.755,0.983
3DH,0.7736,0.8178068026440148,-0.044206802644014886,0.1374568065427784,0.15921464605595398,0.46515426274697425,0.4239732379765794,0.017949654981691866,0.02027944281497816,y = 0.3283 + (0.3378)b1 + (0.1129)b2 + (0.2363)b3,0.772,0.726,0.621
3DH,0.933,0.6941484115084873,0.23885158849151278,0.1374568065427784,0.15921464605595398,0.46515426274697425,0.4239732379765794,0.017949654981691866,0.02027944281497816,y = 0.3283 + (0.3378)b1 + (0.1129)b2 + (0.2363)b3,0.31,0.567,0.834
3DH,0.7935,0.7920362632567446,0.001463736743255395,0.1374568065427784,0.15921464605595398,0.46515426274697425,0.4239732379765794,0.017949654981691866,0.02027944281497816,y = 0.3283 + (0.3378)b1 + (0.1129)b2 + (0.2363)b3,0.506,0.743,0.884
3DH,0.7978,0.48162929754795825,0.3161707024520417,0.1374568065427784,0.15921464605595398,0.46515426274697425,0.4239732379765794,0.017949654981691866,0.02027944281497816,y = 0.3283 + (0.3378)b1 + (0.1129)b2 + (0.2363)b3,0.141,0.44,0.237
3DH,0.5734,0.6254497913631676,-0.052049791363167563,0.1374568065427784,0.15921464605595398,0.46515426274697425,0.4239732379765794,0.017949654981691866,0.02027944281497816,y = 0.3283 + (0.3378)b1 + (0.1129)b2 + (0.2363)b3,0.369,0.165,0.651
3DH,0.5559,0.48910985239432486,0.06679014760567509,0.1374568065427784,0.15921464605595398,0.46515426274697425,0.4239732379765794,0.017949654981691866,0.02027944281497816,y = 0.3283 + (0.3378)b1 + (0.1129)b2 + (0.2363)b3,0.033,0.953,0.178
3DH,0.6942,0.8882409905742301,-0.19404099057423008,0.1374568065427784,0.15921464605595398,0.46515426274697425,0.4239732379765794,0.017949654981691866,0.02027944281497816,y = 0.3283 + (0.3378)b1 + (0.1129)b2 + (0.2363)b3,0.941,0.526,0.773
3DH,0.5971,0.5776401484478666,0.019459851552133367,0.1374568065427784,0.15921464605595398,0.46515426274697425,0.4239732379765794,0.017949654981691866,0.02027944281497816,y = 0.3283 + (0.3378)b1 + (0.1129)b2 + (0.2363)b3,0.411,0.045,0.446
3DH,0.7213,0.5842250493160556,0.13707495068394449,0.1374568065427784,0.15921464605595398,0.46515426274697425,0.4239732379765794,0.017949654981691866,0.02027944281497816,y = 0.3283 + (0.3378)b1 + (0.1129)b2 + (0.2363)b3,0.385,0.401,0.341
3DH,0.4331,0.46751284370969176,-0.034412843709691776,0.1374568065427784,0.15921464605595398,0.46515426274697425,0.4239732379765794,0.017949654981691866,0.02027944281497816,y = 0.3283 + (0.3378)b1 + (0.1129)b2 + (0.2363)b3,0.07,0.563,0.22
3DH,0.1929,0.4343240895656575,-0.2414240895656575,0.1374568065427784,0.15921464605595398,0.46515426274697425,0.4239732379765794,0.017949654981691866,0.02027944281497816,y = 0.3283 + (0.3378)b1 + (0.1129)b2 + (0.2363)b3,0.035,0.068,0.366
3DH,0.7217,0.861762687041316,-0.14006268704131597,0.1374568065427784,0.15921464605595398,0.46515426274697425,0.4239732379765794,0.017949654981691866,0.02027944281497816,y = 0.3283 + (0.3378)b1 + (0.1129)b2 + (0.2363)b3,0.693,0.642,0.96
3DH,0.5943,0.6117602845501973,-0.017460284550197214,0.1374568065427784,0.15921464605595398,0.46515426274697425,0.4239732379765794,0.017949654981691866,0.02027944281497816,y = 0.3283 + (0.3378)b1 + (0.1129)b2 + (0.2363)b3,0.483,0.961,0.05
